NAICS CODE,NAICS DESCRIPTOR,DATE POSTED,FEDERAL REGISTER NOTICE
311314,,10/2/1991,56 Fed. Reg. 49841
311421,,,
311421,,,
311421,,,
311421,,,
311711,,,
314110,,,
314110,,,
314110,,,
315180,,,
315180,,,
315990,,,
322224,,,
322230,,,
322230,,,
323117,,,
324110,,,
324199,,,
325110,,,
325110,,,
325110,,,
325110,,,
325120,,,
325120,,,
325180,,,
325180,,,
325180,,,
325180,,,
325180,,,
325180,,,
325180,,,
325180,,,
325194,,,
325194,,,
325199,,,
325199,,,
325199,,,
325199,,,
325199,,,
325199,,,
325199,,,
325199,,,
325199,,,
325199,,,
325199,,,
325199,,,
325311,,,
325311,,,
325320,,,
325520,,,
325992,,,
326111,,,
326199,,,
326211,,,
331111,,,
331313,,,
331315,,,
331318,,,
331410,,,
331410,,,
331410,,,
331420,,,
331491,,,
331491,,,
331491,,,
331491,,,
331529,,,
332312,,,
332420,,,
332420,,,
332420,,,
332420,,,
332420,,,
332420,,,
332991,,,
332991,,,
332994,,,
333111,,,
333120,,,
333120,,,
333120,,,
333120,,,
333120,,,
333132,,,
333314,,,
333316,,,
333316,,,
333318,,,
333318,,,
333415,,,
333415,,,
333611,,,
333924,,,
333924,,,
334111,,,
334111,,,
334112,,,
334112,,,
334112,,,
333415,,,
334118,,,
334210,,,
334210,,,
334220,,,
334310,,,
334310,,,
334310,,,
334416,,,
334510,,,
334511,,,
334516,,,
334517,,,
334517,,,
335110,,,
335110,,,
335122,,,
335221,,,
335222,,,
335311,,,
335311,,,
335313,,,
335911,,,
335931,,,
335931,,,
335932,,,
335932,,,
335999,,,
335999,,,
336212,,,
336212,,,
336411,,,
336413,,,
336999,,,
337127,,,
337215,,,
337215,,,
337215,,,
339113,,,
339113,,,
339113,,,
333911,,,
333120,,,
335921,,,
336111,,,
339112,,,
333131,,,
334417,,,
336112,,,
339113,,,
325413,,,
339114,,,
334111,,,
